Provincia,Denominacion,Localidad,Direccion,Horario_Atencion,Telefono
Buenos Aires,Junta Evaluadora Cnel Suárez, Cnel Suárez,"Oficina de Discapacidad, Garabiladi y Avellaneda,
Edificio Prof. Daniel Parenti, Cnel Suárez",Martes 9:30 hs.,Tel: 02926-429471
Buenos Aires,Junta Evaluadora Cnel Pringles, Cnel Pringles,Av Frondizi y Sarmiento,Miércoles de 8 a 12 hs,T.e. 02922-463803.
Buenos Aires,Junta Evaluadora Monte Hermoso, Monte Hermoso,"Hosp Municipal Dr Ramón Carrillo, 
Calle Pto. Madryn y Dr. Zabala","2º y 4º Martes de c/mes de 13:00 a 15:00 
el 4º a confirmar",02921-481127/481333
Buenos Aires,Junta Evaluadora Puan, Puan,"Hosp Municip Gobernador Ugarte
Juanena s/n 
(la junta fuciona al lado del Htal. en un CPA)",Viernes de 09 a 12:30 hs,"02923-488104/488542
02923-488302"
Buenos Aires,Junta Evaluadora Guaminí, Guaminí,"Oficina de Acción Social de Laguna Alsina 
Calle España s/n","recep. de doc. lunes a viernes de 8 a 12
junta: Miercoles de 9 a 12",(02929) 493 356
Buenos Aires ,Junta Evaluadora Bahía Blanca, Bahía Blanca,Chiclana 451 (Planta Alta),"Atencion al publico: Lunes a Viernes de 8 a 13 hs
Juntas: Martes 15 a 18:30 hs.
Miercoles de 9 a 15 hs
Viernes de de 13 a 16 hs","0800-222-8554, 
0291-4527562, 
0291-4530422,
0291-5506020"
Buenos Aires ,Junta Evaluadora Villarino, Villarino,"funcionan dos juntas en diferentes lugares:
Zona Norte - Médanos - Moreno 41
Zona Sur - Pedro Luro - Hosp Pradere, 
calle 26Nº 81 (Pedro Luro)","Zona Norte: Todos los Lunes  8 a 13 hs.
Zona Sur: Todos los Jueves de 8 a 13 hs.","Tel de las dos: 
02927-432945 (Int 105)"
Buenos Aires ,Junta Evaluadora Pigüé (Saavedra), Pigüé (Saavedra),"Hosp y Maternidad Municip de Pigüé 
Calle Liniers 46",Jueves cada 15 dias 8:30 a 11 hs,Tel: 02923-476006
Buenos Aires ,Junta Evaluadora Tornquist, Tornquist,CAPS Sala Dr. Dante Berrettini - Filiberto 450,Miércoles de 12 a 17,0291-4940812 / 798
Buenos Aires ,Junta Evaluadora Carhué/ Adolfo Alsina, Carhué/ Adolfo Alsina,"Hospital Gral Jose de San Martin 
Avellaneda y A. Alsina","Lunes, Martes y Viernes de 14:00 a 16:30 hs
Jueves 8:30 a 11:30","Tel: 02936-432222 /
412843"
Buenos Aires ,Junta Evaluadora Tres Arroyos, Tres Arroyos,"Centro Municipal de Salud de Tres Arroyos
Primera Junta 400",Martes y Jueves 10:30 a 12:30,"tel:02983-439404/
430470"
Buenos Aires ,Junta Evaluadora Adolfo Gonzalez Chaves, Adolfo Gonzalez Chaves,Hospital Anita Elicagaray - Torchiari 200,Jueves 9 a 12 Hs.,Tel: 02983-484449
Buenos Aires,Junta Evaluadora Coronel Dorrego, Coronel Dorrego,Hosp Municipal - El Indio 350,jueves 8 a 10 hs,"Tel: 02921- 452462 /
452312"
Buenos Aires ,Junta Evaluadora Cnel Rosales, Coronel Rosales,Avellaneda 690 (Esq. Luiggi) Punta Alta,"junta evaluadora: martes y mier a partir de 8:30 hs,
turnos: viernes de 7 a 8 hs, 
consulta y asesoramiento: lunes y jue de 8 a 11 hs",Tel: 02932-421237
Buenos Aires ,Junta Evaluadora Bahía Blanca 2da Instancia, Bahía Blanca 2da Instancia,Moreno 267 (Reg San I),Lunes de 9 a 13 hs,0291-4512268
Buenos Aires ,Junta Evaluadora Carmen de Patagones, Carmen de Patagones,Centro Integral del Discapacitado - Dr. Baraja 700,"junta evaluadora: lunes de 9 a 11 hs
turnos: lun, mierc y vier de 8 a 12 hs y de 14 a 20 hs, 
martes y jueves : de 14 a 20 hs",02920 461111
Buenos Aires,Junta Evaluadora 9 de Julio, 9 de Julio,Centro de Salud Diamantina - Tucumàn 2546,Miércoles de 14 a 18 hs,tel 02317-422348
Buenos Aires ,Junta Evaluadora Pellegrini, Pellegrini,Hospital Municipal (Ugarte 317),1 dia al mes de 8 a 13 hs,"Tel. Hosp. 02392-498120/660. 
Alvarez M. Eugenia 02392-498704"
Buenos Aires,Junta Evaluadora América (Rivadavia), América (Rivadavia),CIC Lavalle y Eva Perón,"4to Viernes de 8 a 18 hs
Turnos de lunes a viernes de 11 a 13 hs",02337 40478990/89
Buenos Aires,Junta Evaluadora Gral Villegas,gral pico,Hospital Municipal - Isturiz S/N,Miercoles  y Viernes 13 a 15 hs,"Telefonos: 03388 423629
/423630/423631"
Buenos Aires,Junta Evaluadora Daireaux, Daireaux,Mitre 345,1° jueves de cada mes de 8 a 17 hs.,02316-452133 int 138
Buenos Aires ,Junta Evaluadora Tres Lomas, Tres Lomas,"Sede de Servicio Social - Alberdi 555, Tres Lomas",,Tel. 02394-430244
Buenos Aires ,Junta Evaluadora Salliqueló, Salliqueló,Hosp Municipal de Salliqueló - Av 9 de julio 459,1 sabado de c / mes desde las 8:30 hs.,Tel. 02394-480001
Buenos Aires ,Junta Evaluadora Henderson (Hipólito Yrigoyen), Henderson (Hipólito Yrigoyen),Hosp Municipal Galvani-urquiza nº 502,2º miércoles de c / mes 15 hrs,tel:0214-452058/078 int. 52
Buenos Aires ,Junta Evaluadora Carlos Tejedor, Carlos Tejedor,Hosp Municipal Esteban y Santiago Garré,1º o 2º Lunes de cada mes de 08 a 16 hs,Tel. 02357 420103
Buenos Aires ,Junta Evaluadora Carlos Casares, Carlos Casares,"Centro Materno Infantil -
 Lamadrid 185 - Carlos Casares","1º miercoles de cada mes - De  14 a 19 hrs
En verano 13 a 20 hs.","TEL: 02395 451217 -
 adm 402395452018"
Buenos Aires ,Junta Evaluadora Trenque Lauquen, Trenque Lauquen,"Centro de Rehabilitacion Municipal
 ""Dr. Jorge A. Barracchia"" -  San Martin y Paso",Miercoles 13 a 17 hs,tel: 02392-419395/6 int. 20
Buenos Aires ,Junta Evaluadora Pehuajó, Pehuajó,Hospital Municipal Dr. Aramburu - Dean Funes 56,Jueves 12 a 16 hs.,02396-473230
Buenos Aires ,Junta Evaluadora Junín (Municipalidad), Junín (Municipalidad),Unidad Sanitaria XII - Dorrego 873,Lunes y Jueves de 14 a 17 hs,Tel. 236-4420785
Buenos Aires ,Junta Evaluadora Gral Viamonte, Gral Viamonte,"Hospital Municipal Eugenio Bargas
Calle Passo de la Cdad de Los Toldos 
(Gral Viamonte)",1er Jueves de cada mes de 14 a 20 hs.,Tel. 02358-442458
Buenos Aires ,Junta Evaluadora Leandro Alem, Leandro Alem,Hosp Municipal - Mendoza e/ Belgrano y La Rioja - Vedia,,Tel: 02354-422600/420645
Buenos Aires ,Junta Evaluadora Gral Pinto, Gral  Pico,Ex estacion del Ferrocarril  Mitre y Rivadavia,2º Martes del mes por la mañana,Tel. 02356-420467/75
Buenos Aires ,Junta Evaluadora Ameghino, Ameghino,Av San Martín 281,Todos los dias por la mañana,tel: 03388 - 471949 Roxana
Buenos Aires ,Junta Evaluadora Chacabuco, Chacabuco,Hospital Municipal - Av Garay y Salta,Miercoles de 8 a 13,Tel: 02352-430799/824/828
Buenos Aires ,Junta Evaluadora General Arenales, General Arenales,Sarmiento 276,Miercoles de 11 a 16 hs,Tel: 02353-460055 / 460442 / 460515
Bs. As.,Junta Evaluadora Lincoln, Lincoln,Juntas - CIC Plaza España - Av Maipú y Menarvino,Miercoles de 17 a 21 hs,02355-424977 / Tel. 02355-424977
Buenos Aires ,Junta Evaluadora San Antonio de Areco, San Antonio de Areco,Hospital Emilio Zerboni  - Moreno 90,1º y 3º viernes de cada mes de 8 a 10,02326-455567/452759
Bs. As.,Junta Evaluadora Colón, Colón,Hospital Municipal - 50 entre 12 y 13,Lunes y jueves desde las 12 hs.,02473-430416/18/20 int. 241
Buenos Aires ,Junta Evaluadora Capitan Sarmiento, Capitan Sarmiento,Htal. Municipal San Carlos (Avda San Martin 450),"Junta: Viernes cada 15 dias de 8 a 12 hs.
Turnos: Lunes a Viernes por la mañana",02478 483191/481311
Buenos Aires ,Junta Evaluadora Pergamino - 1, Pergamino - 1,"Centro de atencion primaria Salvador Mazza -
 Vte. Lopez y Balboa",Lunes a Viernes de 8 a 12 hs.,Tel. 02477-414277
Bs. As.,Junta Evaluadora Pergamino - 2da instancia, Pergamino - 2da instancia,Hospital San Jose - Liniers 950 e Italia,,02477-429795 al 429799
Buenos Aires ,Junta Evaluadora Ramallo, Ramallo,Hosp José María Gomendio - Calle Gomendio 1374,Miercoles a las 8 hs.,03407-421555/666
Buenos Aires ,Junta Evaluadora San Andrés de Giles, San Andrés de Giles,Hospital San Andres - Av. Presidente Campora 1399,Lunes 13 a 16 hs   y    Martes 7 a 9 hs,02325-442125
Bs. As.,Junta Evaluadora San Pedro, San Pedro,Municipalidad de San Pedro - Olivera Cesar 280,martes de 8 a 13 Hs,03329-420430
Bs. As.,Junta Evaluadora Carmen de Areco, Carmen de Areco,Direccion de salud - Belgrano 710,"Junta: Lunes cada 15 dias de 11 a 14 hs.
Turnos: Lunes a Viernes de 8 a 14 hs.",Tel. 02273-440236
buenos aires,Junta Evaluadora San Nicolas de los Arroyos - 1, San Nicolas de los Arroyos - 1,Pellegrini 111 - San Nicolas de Los Arroyos,Lunes a Jueves 14:00 a 19:00,0336-44508830
Buenos Aires ,Junta Evaluadora Rojas, Rojas,Hospital Municipal de Rojas - Av. 25 de mayo 717,"Junta: Martes cada 15 dias 8:30 a 15:30
Turnos: Lunes a Viernes 6 a 14 hs.",02475-465410/5316
buenos aires,Junta Evaluadora Baradero, Baradero,Municipalidad de Baradero - San Martin 905,"martes 15hs a 18hs para dar turnos.
Miércoles 15 a 18 hrs","Tel. 03329-482900 int. 217
03329-15603907/15602465"
Buenos Aires ,Junta Evaluadora Salto, Salto,CIC - Viamonte y Del Valle,Dia Miercoles cada 15 días,Tel. 02474-423798
buenos aires,Junta Evaluadora Arrecifes, Arrecifes,Ramon Lorenzo N° 35. (Centro de Salud),Martes y jueves a las 9 a 12 Hs.,02478-451327 / 451327
buenos aires,Junta Evaluadora San Miguel, San Miguel,Paunero 1136,martes a viernes de 9 a 15 hs,tel: 4667-5882 / 4451-5825/5847
Buenos Aires ,Junta Evaluadora San Isidro - I, San Isidro - I,"Hosp. Central ""Dr. Melchor A. Posse"" - Santa Fe 431","Lunes y martes de 7,30 a 13,30 Hs.",Tel. 4512-3762
Buenos Aires ,Junta Evaluadora San Isidro - II, San Isidro - II,"Hospital Materno Infantil Carlos Gianantonio - 
Diego Palma 505, San Isidro",Viernes de 9 a 12 hs,Tel. 4512-3903/03
Buenos Aires ,Junta Evaluadora Pilar, Pilar,Ambrosetti y los Perales (Centro Pilares de Esperanza),lunes a jueves de 8 a 14hs,0230-4644211
buenos aires,Junta Evaluadora San Fernando, San Fernando,Necochea 1398 esq. Lavalle,Turnos e informes ( jueves y viernes de 8 a 12 hs.),Tel. 4744-4791
Buenos Aires ,Junta Evaluadora Tigre, Tigre,"Dirección de Discapacidad - Canadá Esq. Ruta 197, El Talar",lúnes a viernes de 8 a 14 hs,Tel. 4736-4928
Buenos Aires ,Junta Evaluadora Jose C Paz, Jose C Paz,Direccion Gral de Discapacidad - Hipolito Irigoyen 3551,Lunes a Viernes de 08 a 13 hs.,02320-431235
buenos aires,Junta Evaluadora Vicente Lopez, Vicente Lopez,Hospital Houssay  - Hipolito Irigoyen 1757,,tel.4796-7200
Buenos Aires ,Junta Evaluadora Exaltación de la Cruz, Exaltación de la Cruz,Oficina Desarrollo Social - E. Urcelay esq irizar,Martes y Jueves a confirmar horario,tel: 02323-491379
Buenos Aires ,Junta Evaluadora Gral San Martín (Municipio), Gral San Martín (Municipio),"Hospital Municipal Dr. Diego E. Thompson - 
Avellaneda 33. Gral San Martín","Lunes, Martes y Viernes 8 a 13 hs.
Miercoles y Jueves 13 a 17 hs.",Tel. 4512-6971
Buenos Aires ,Junta Evaluadora Escobar - Pediatrica, Escobar - Pediatrica,"Sarmiento 41 (ruta 25) Matheu, Escobar",Lunes 9 a 14 Hs.,0348-4434581
Buenos Aires ,Junta Evaluadora Escobar -Adultos, Escobar -Adultos,"Sarmiento 41 (ruta 25) Matheu, Escobar",Viernes de 8 a 17 Hs.,0348-4434536
Buenos Aires ,Junta Evaluadora Campana, Campana,"Hospital Municipal San José de Campana - 
Alberti 576. Campana",Miercoles de 08 a 15 hs,03489-439420
Buenos Aires ,Junta Evaluadora Zarate, Zarate,"Centro Integrador Comunitario (CIC) -
 Pellegrini y Agustin Alvarez","Lunes 15 a 18 hs, Martes y Viernes 16 a 19 hs",03487-446690/ 03487-15535679
Buenos Aires ,Junta Evaluadora Avellaneda, Avellaneda,"Desarrollo Social Area de Discapacidad -
 Av. Pavon 381  1º Piso",Lunes a  Viernes 9 a 14 hs.,Tel. 5227-7762
Buenos Aires ,Junta Evaluadora Berazategui, Berazategui,Unidad sanitaria Nº 1 Dr Sábatto Av. 14 e/ 131 y 132,"Lunes,Martes, Jueves  y Viernes 10 a 13 hs.",4256-1216/1199/ 4226-5775
Buenos Aires ,Junta Evaluadora Quilmes, Quilmes,A. Argentina 1275 entre Derqui y Ceballos,"Lunes, martes y jueves  de 13 a 15:30 Hs",Tel:  4278-9791
Buenos Aires ,Junta Evaluadora Lomas de Zamora, Lomas de Zamora,INDIAM Entre Ríos 1060,Lunes de 8 a 14 y viernes de 9 a 15 hs,Tel: 4283-2549 / 2057-4084
Buenos Aires ,Junta Evaluadora Ezeiza, Ezeiza,"Sede: Secretaria de Desarrollo Social. 
Municipalidad de Ezeiza, Sarmiento 225, Tristán Suárez",Mart y Mier 10 a 14 Juev 12 a 14 hs,4234-3465/42342425
Buenos Aires ,Junta Evaluadora Lanus, Lanus,"Hospital Melo - Av Villa de Luján 3050 y Albarracin - 
Remedios de Escalada, Lanus Este","Lunes, martes y miércoles de 8 a 12",4246-0868/6491
Buenos Aires ,Junta Evaluadora Almirante Brown, Almirante Brown,"Hospital Dr. José Maria Jorge (Burzaco) 
Pte Peron 870  (Ex Gorriti) (enfrente Hosp Menendez)",Lunes 9 hrs Miercoles 15 hrs,Tel. 4294 8308/8100/1384
Buenos Aires ,Junta Evaluadora Almirante Brown - 2da instancia, Almirante Brown - 2da instancia,"Hospital Dr. José Maria Jorge - 
Pte Peron (Ex Gorriti) 300",,42948100/42941384
Buenos Aires ,Junta Evaluadora Florencio Varela, Florencio Varela,"Centro de Salud Barrio Santa Rosa
Bucarest entre Alemania y Cafferata","Juntas (Lunes 8 a 14 hs - Martes de 10 a 14 hs)
Turnos (Lunes a Viernes de 8 a 14 hs)",Telefono 4237-1308 /  5364-1707
Buenos Aires ,Junta Evaluadora Gral Rodríguez, Gral alvear,"Municipalidad de Gral Rodriguez - 
calle 2 de Abril e Intendente Garrahan",,0237 4841547 int 18
Buenos Aires ,Junta Evaluadora Luján, Luján,"Dirección de Discapacidad de Luján - 
Colón Nº 1177, Luján.",Martes de una semana Jueves de otra,02323 429 498
Buenos Aires ,Junta Evaluadora Marcos Paz, Marcos Paz,"CIC - Juan Domingo Perón y Eva Perón - 
Barrio Nuestra Señora de la Paz",Martes y jueves de 9:00 hs a 13:00 hs,Tel: 0220 4776641
Buenos Aires ,Junta Evaluadora Gral Las Heras, Gral Las Heras,Las Heras 835- Servicio Local,Viernes de 14:00 a 19:00 hs,0220 4761322
Buenos Aires ,Junta Evaluadora Moreno, Moreno,"Nemesio Álvarez Nº 371 
entre Independecia y Moreno","Lunes 12 a 17hs, Martes 8 a 14 hs, 
Miercoles 8 a 17 hs, Viernes 8 a 14 hs",0237 4600059 / 4626701 / 0090
Buenos Aires ,Junta Evaluadora Tres de Febrero, Tres de Febrero,Urquiza 4473,Lunes a Viernes de 8 a 12 hs.,Tel. 4587-5618
Buenos Aires ,Junta Evaluadora Hurlinghan, Hurlinghan,"Junta: Solis 1650
Turnos: Hospital San Bernardino de Siena 
- Argerich 1650",,"Junta: 4452-6918
4452-1694 / 4662-0088"
Buenos Aires ,Junta Evaluadora Morón - sede 1, Morón - sede 1,"Centro de Atención Primaria Dr Springolo
Galán 655, E/Pedernera y Victorica (El Palomar)",Jueves 12 a 15 hs.,4751-3791/8961
Buenos Aires ,Junta Evaluadora Morón - sede 2, Morón - sede 2,"Dir de Discapacidad de Morón - Calle Buen Viaje 968, Morón.",Lunes a Viernes 8:30 a 14 hs.,4489-7777 / 7774 int 5176
Buenos Aires ,Junta Evaluadora Ituzaingó, Ituzaingó,Municipalidad de Ituzaingo - Soler 255,,4623-5094
Buenos Aires ,Junta Evaluadora Merlo, Merlo,"Comisión Municipal del Discapacitado -
Avellaneda 453","At. Al público: Lunes a viernes de 8 a 14 hs.
Juntas:  miercoles de 8 a 13,
 martes, jueves y viernes de 13 a 18",0220 4821865
Buenos Aires ,Junta Evaluadora Open Door, Open Door,Av. Dr. Cabred y Filiberto S/N  - Luján (6708),Martes de 08 a 13 hs.,"02323-496515 / 496699 /
 496405 / 496249 / 496559"
Buenos Aires ,Junta Evaluadora Ayacucho, Ayacucho,Centro Civico Municipal - 9 de Julio 755,Martes 17 a 21 hs. y Martes 13 a 17 hs.,Teléfono: (2296) 45-2099
Buenos Aires ,Junta Evaluadora Gral Lavalle, Gral Arenales,"Hosp Municip Sagrado Corazón de Jesús,
calle Arturo de la Serna 1064",Jueves de 10 a 12 hs,"02252 491207 intendencia 
02252491037/491213 - Ana"
Buenos Aires ,Junta Evaluadora Maipú, Maipú,"Sec de Salud y Acción Social, Calle Rivadavia 455",Lúnes a Viernes de 08 a 12 hs,02268 422016/421153/421047/421371
Buenos Aires ,Junta Evaluadora Mar del Plata, Mar del Plata,Pescadores 456,"lunes, jueves y viernes de 8:30 a 12:30",2234803053 int 112
Buenos Aires ,Junta Evaluadora Pinamar, Pinamar,Hosp Comunitario de Pinamar - Av. Shaw 255,miércoles de 13 a 16 hs,02254491670 int 675/708
Buenos Aires ,Junta Evaluadora Villa Gesell, Villa Gesell,"Hospital Municipal Villa Gesell ""Dr. Aruro Illia"" -
 Paseo 124 y Av. 8",Miercoles de 10 a 13 hs.,02255-460777 / 453458
Buenos Aires ,Junta Evaluadora Balcarce, Balcarce,Av. Del Valle esq. calle 12,"Lunes y viernes de 13,30 a 16 hs.",02266 421898
Buenos Aires ,Junta Evaluadora Municipalidad de La Costa, Municipalidad de La Costa,"CIC Av 26 Nro. 1550 y calle 29, Las Toninas.",Martes de 13 a 17  hs,02246-432279 / 02246-433091/433015
Buenos Aires ,Junta Evaluadora Loberia, Loberia,Hospital Municipal - Av. San Martin 1157,Miercoles de 17 a 20 Hs.,02262-470100 / 02261-442105
Buenos Aires ,Junta Evaluadora Gral Madariaga,gral pico ,Hospital Municipal - Av. Buenos Aires y Echeverria,Martes de 9 a 11,02267 421017 Sec. De Salud
Buenos Aires ,Junta Evaluadora Mar Chiquita, Mar Chiquita,Hospital Cnel Vidal Belgrano 250,Miercoles 9 a 12 y jueves 14 a 18 c/ 15 dias,(02265) 432340 / 432332
Buenos Aires ,Junta Evaluadora General Guido, General Guido,"Sala de primeros Auxilios Gral. Guido -
 San Martín 294.",,02268-491028 / 491134 fax
Buenos Aires ,Junta Evaluadora General Alvarado- Miramar, General Alvarado- Miramar,Hospital Municipal Diagonal Dupuy 1550,"Turnos Lu. A Vi. 8 a 12 Hs. 
Junta: Martes de 8:30 a 11:30 Hs.",02291-431232
Buenos Aires ,Junta Evaluadora Tandil, Tandil,Municipalidad de Tandil - Alem 1406,"Turnos lu. A Vi. 10 a 13 hs
Junta: Lunes, Miércoles y viernes de 16 a 20 hrs",0249-4422010/422011 int. 225
Buenos Aires ,Junta Evaluadora San Cayetano, San Cayetano,Calle 9 de Julio 1170,Lunes y Jueves 8:30 a 11 hs,02983 - 470106
Buenos Aires ,Junta Evaluadora Necochea - 1, Necochea - 1,"Hospital Irurzun Calle 541 nro, 3550",miercoles de 7:30 a 16 Hs.,02262-450052/451454 int 18
Buenos Aires ,Junta Evaluadora Necochea - 2da Instancia, Necochea - 2da Instancia,"Hspital Neuropsiquiatrico Dr. Taraborelli
Calle 49-1868",,02262-428538/425164
Buenos Aires ,Junta Evaluadora Benito Juárez, Benito Juárez,"Secretaría de Salud, Zibecchi nº 74.",Jueves y Viernes de 08 hs a 14 hs,Tel: 02292-452002
Buenos Aires ,Junta Evaluadora Gral Lamadrid,Gral belgrano,Hospital Municipal Calle Dr Etchegaray s/n,miércoles de 08 a 10 hs,02286 420036/420404
Buenos Aires ,Junta Evaluadora Las Flores, Las Flores,"Junta: Belgrano y Sordeaux. 
Turno: Hirigoyen 390",2º Martes de cada mes realizan Junta de 9 a 14 hrs,Tel. 02244-444993
Buenos Aires ,Junta Evaluadora Olavarría, Olavarría,"Hospital Municipal  Dr. Héctor Cura  - 
Rivadavia 4057 esq sarmiento.","Lunes, martes y jueves de 14 a 17:30",02284 440800/4 int 2115
Buenos Aires ,Junta Evaluadora Tapalqué, Tapalqué,Hospital Municipal 9 de Julio 961,Viernes de 12:30 a 17:30,02283 420333/456
Buenos Aires ,Junta Evaluadora Azul, Azul,"Hospital Municipal Dr.  Ángel Pintos 
Amado Diab 270 (ex. Sta fe)",Jueves de 8 a 12 hs.,02281 422746/435200 int. 123
Buenos Aires ,Junta Evaluadora Bolivar, Bolivar,"Dirección de discapacidad, Av. Gral Paz 900, Bolivar
Turnos: Arenales 58",Miercoles de 14 a 17 hs.,Tel Munic. 02314-427203/04
Buenos Aires ,Junta Evaluadora Rauch, Rauch,"Hosp Municipal Gral Díaz Vélez - 
Alberti 450",2º jueves de c / mes a las 13 hs,02297-442620/442240
Buenos Aires ,Junta Evaluadora Gral Alvear, Gral Alvear,"Calle B Althabe 1041, Gral Alvear",Martes 15 a 18 hs,02344-481154
Buenos Aires ,Junta Evaluadora Laprida, Laprida,Hospital Pedro Sancholuz - Sancholuz y Lavalle,1º y 3º jueves de c / mes a las 15 hs,02285 420182/420017/420340
Buenos Aires ,Junta Evaluadora Mercedes, Mercedes,Dirección de salud: Calle 25 e/28 y 30 PB,Lun y Jueves de 12.30 a 17hs.,02324 434999 int 19
Buenos Aires ,Junta Evaluadora Suipacha, Suipacha,Calle Dr Cusa 251,1º lúnes de c/mes de 12 a 15 hs,02324-480087
Buenos Aires ,Junta Evaluadora 25 de Mayo, 25 de Mayo,"Hosp Saturnino Unzué, calle 37 y 1",último martes de c/ mes de 9 a 13 hs,02345 - 464849/462267
Buenos Aires ,Junta Evaluadora Alberti, Alberti,Hosp Nuestra Sra de la Merced Arias y Fox,1º miércoles de c / mes de 14 a 16 hrs,02346- 470454 int 28
Buenos Aires ,Junta Evaluadora Bragado, Bragado,"Sec de Desarrollo Social, Alem 1576",Martes  y Mierc de 14.30 a 18 hs.,02342 421875/421409/431497
Buenos Aires ,Junta Evaluadora Lobos, Lobos,"Municipalidad de Lobos, Salgado Nro 40",1º y 3 ºLunes de cada mes de 14 a 18 hs.,02227-431450/6
Buenos Aires ,Junta Evaluadora Navarro, Navarro,"Hospital San A de Padua Navarro
 Calle 16 Nro 750 e/115 y 117",,02272-430005/668/782
Buenos Aires ,Junta Evaluadora Roque Perez, Roque Perez,"Hospital Municipal Dr. R Carrillo
 Rawson y Pte Peron",Viernes de 9 a 12 hs,02227-492617
Buenos Aires ,Junta Evaluadora Saladillo, Saladillo,CE.DI.FI.SA Rivadavia 3062,1 vez al mes,02344453030 int 25
Buenos Aires ,Junta Evaluadora Chivilcoy, Chivilcoy,"Hospital Municipal de Chivilcoy
 Hijas de San Jose Nº 31","miercoles de 11.30 a 13.30 y
 jueves de 14.00 a 16.00 Hs",02346 423 210 int 115
Buenos Aires ,Junta Evaluadora Magdalena, Magdalena,"Hosp Municip S María Magdalena
Las Heras 348",Martes de 10 a 12 hs,(0221) 453313 / 453443 / 453308
Buenos Aires ,Junta Evaluadora Ensenada - 1era instancia Res 99/2011, Ensenada - 1era instancia Res 99/2011,Alem esq Brasil Desarrollo Social de la Municipalidad de Ensenada,Jueves 9 a 13 hs,Tel. 0221-4600931
Buenos Aires ,Junta Evaluadora  Ranchos - Gral Paz,  Ranchos - Gral Paz,Hosp Campomar - Av Campomar 3413,,Tel: 02241-475250 / 475245
Buenos Aires ,Junta Evaluadora Punta Indio, Punta Indio,Hosp Hernández - Calle 30 - Verónica,1º sabado de cada mes,Tel: 02221-480677/678
Buenos Aires ,Junta Evaluadora Presidente Perón, Presidente Perón,"Unidad Sanitaria Eva Duarte de Perón / Jauretche y calle 12, Guernica",Lunes de 13 a 16 hs.,Tel. (02224) 473500 int. 278
Buenos Aires ,Junta Evaluadora Municipalidad de S.M. del Monte, Municipalidad de S.M. del Monte,Subsecretaria de Salud - Rojas 787,,Tel: 02271- 407606 /  Htal. Zenon Videla da la Dorna     Tel. 02271-443605
Buenos Aires ,Junta Evaluadora Cañuelas, Cañuelas,Hosp Marzetti - Rawson 450,Hacen Junta 1 vez x mes Ultimo Miercoles del mes!,Tel: 02226-421626 / 430555
Buenos Aires ,Junta Evaluadora Brandsen, Brandsen,Secretaría de Salud y Desarrollo Humano - Saenz Peña 704 y San Martin,Martes de 13:30 a 16:30 hs.,Tel. 02223-443400
Buenos Aires ,Junta Evaluadora Gral Belgrano, Gral Belgrano,Hospital Juan E de la Fuente - Av. España N° 325,,02243-452148/259
Buenos Aires ,Junta Evaluadora Castelli, Castelli,Hosp Dr Ramón Carrillo - San Martín Nº 17,Sábados cada dos meses,Tel: 02245-480223
Buenos Aires ,Junta Evaluadora Municipalidad de Lezama, Municipalidad de Lezama,Hosp Francisco Quijano - Desvío Ruta 57 s/n,2º y 4º jueves de cada mes 9:30 a 13 hs.,Tel: 02242-432819 / 02242- 432149
Buenos Aires ,Junta Evaluadora Berisso, Berisso,"Municiplidad de Berisso, Hospital Larrain - Calle 5 Nº 4435",,Tel: 0221-4611101
Buenos Aires ,Junta Evaluadora Pila, Pila,Hospital Municipal de Pila - Calle 4 esquina 11,,2242498230 / 02242-49-8278
Buenos Aires ,Junta Evaluadora San Vicente, San Vicente,Hospital General de Agudos Dr. Ramon Carrillo - Pascual Santoro esq. Mattheu,Junta evaluadora: dias jueves desde las 14hs,(02225) 481415/482081/483640
Buenos Aires ,Junta Evaluadora San justo- La Matanza, San justo- La Matanza,HOSPITAL PAROISSIEN - Ruta Nac. N° 3 y Km.21.Isidro Casanova,Lun. A Vie. De 8 a 14.30 Hs.,4486-3131 tel  Reg XII
Mendoza,Junta Evaluadora Luján de Cuyo (Nro. de junta 200), Luján de Cuyo (Nro. de junta 200),Taboada y Vargas,Lunes a Viernes de 08 a 12,tel: 4987-460 / 4986-922  Fax 9910
Mendoza,Junta Evaluadora San Martín (Nro. de junta 203), San Martín (Nro. de junta 203),Almirante Brown y España,Lunes a Viernes de 08 a 12,tel: 263 / 40362 / 420074 int 169 o 161
Mendoza,Junta Evaluadora Malargüe (Nro. de junta 205), Malargüe (Nro. de junta 205),Vacunación Central,Lunes a Viernes de 08 a 12,Tel: 02627 / 470505 int 202
Mendoza,Junta Evaluadora Tunuyán (Nro. de junta 206), Tunuyán (Nro. de junta 206),Hospital Regional Dr. A. Scaravelli,Lunes a Viernes de 08 a 12,tel: 02622 / 411963
Mendoza,Junta Evaluadora Tupungato (Nro. de junta 201), Tupungato (Nro. de junta 201),Almirante Brown 958,Lunes a Viernes de 08 a 12,Tel: 02622 / 489153
Mendoza,Junta Evaluadora Gral. Alvear (Nro. de junta 207), Gral. Alvear (Nro. de junta 207),San Rafael Nº 175,Lunes a Viernes de 08 a 12,tel: 02625-425861
Mendoza,Junta Evaluadora San Rafael (Nro. de junta 208), San Rafael (Nro. de junta 208),Córdoba 156,Lunes a Viernes de 08 a 12,tel: 260 / 449279 / 449317
Mendoza,Junta Evaluadora Lavalle (Nro. de junta 209), Lavalle (Nro. de junta 209),Área de Salud del Municipio,Lunes a Viernes de 08 a 12,tel: 494-1167 / 494-1617
Mendoza,Junta Evaluadora Guaymallen (Nro. de junta 204), Guaymallen (Nro. de junta 204),Mitre y Godoy Cruz,Lunes a Viernes de 08 a 12,tel: 445-3566 int 110
Mendoza,Junta Evaluadora Maipú (Nro. de junta 202), Maipú (Nro. de junta 202),Barcala 155 entre Pezcara y Gral Gutiérrez,"Lunes, Martes, Jueves y Viernes de 8 a 12",tel: 497-4285
Mendoza,Junta Evaluadora Junín (Nro. de junta 210), Junín (Nro. de junta 210),Acción Socil del Municipio / San Martin Nº 15,Lunes a Viernes de 08 a 12,tel: 02623-492680  int 141-148
Mendoza,Junta Evaluadora Santa Rosa (Nro. de junta 211), Santa Rosa (Nro. de junta 211),Julio A. Roca y Libertad,Lunes a Viernes de 08 a 12,
Mendoza,Junta Evaluadora Rivadavia (Nro. de junta 212), Rivadavia (Nro. de junta 212),Área Social del Municipio  tel: 02623-444544 int 223,,tel: 02623-444544 int 223
Mendoza,Junta Evaluadora Las Heras  (Nro. de junta 232), Las Heras  (Nro. de junta 232),San Miguel 1457,Lunes a Viernes de 08 a 12,tel: 437-8126 / 430-4000 int267
Mendoza,Junta Evaluadora La Paz (Nro. de junta 294), La Paz (Nro. de junta 294),"25 de mayo esquina Bandera de los Andes, La Paz",,
Mendoza,Junta Evaluadora Municipalidad de Godoy Cruz (Nro. de junta ), Municipalidad de Godoy Cruz (Nro. de junta ),,,Tel. 0361 4283680
Mendoza,Junta Evaluadora Municipalidad de Mendoza  (Capital), Municipalidad de Mendoza  (Capital),"09 de julio y Moscón - CIC Nº 1, Mendoza Capital",,
Santa Fe,Junta Central Evaluadora de Personas,,"Boulevard Zaballa 3361, Coronel Dorrego",,Tel. 4572475/76/77 int. 115/116
Misiones,Junta Evaluadora de El Dorado, de El Dorado,"Servicio de Rehab. SAMIC 
Dr. Prieto S/N - El Dorado -",,Tel. (03751) 421536 int. 191
Misiones,Junta Evaluadora de Personas- 3 Guaraní, de Personas- 3 - Guaraní,H. San Vicente. Acc. Social Intendencia. Tupac Amaru s/n,,
Misiones,Junta Evaluadora de Personas- 4 - Alem, de Personas- 4 - Alem,LN. Alem - H. Alem. Rivadavia 710,,
Misione,Junta Evaluadora de Personas- 5 - Oberá, de Personas- 5 - Oberá,CIC. Calle Salto 2 hermanas. Villa Schuster,,
Misiones,Junta Evaluadora de Personas- 6 - San Pedro, de Personas- 6 - San Pedro,H. San Pedro. Corrientes y Argentina,,
Misione,Junta Evaluadora de Personas- 7 - Capital, de Personas- 7 - Capital,"H. Madariaga. Lopez Torres 1177
H. Carrillo. Ruta 12 Itaimbe Mini
H. Pedriático. Mariano Moreno y Lopez Torres
IMFiR Instituto Rehabilitación Municipal.
Blas Prera Bº Yacyreta",,
Misiones,Junta Evaluadora de Personas- 8 - Apóstoles, de Personas- 8 - Apóstoles,Acción Social Intendencia. Expoyerba,,
Misione,Junta Evaluadora de Personas- 9 - Cainguas, de Personas- 9 - Cainguas,CIC A del Valle. Paraguay y Dr. Errecaborde,,
Misiones,Junta Evaluadora de Personas- 10 - San Javier, de Personas- 10 - San Javier,H. San Javier. La Saga 121,,
La Rioja,Junta  Central Evaluadora de Discapacidad San Vicente,Junta  Central Evaluadora de Discapacidad - San Vicente,"Zona Sanitaria I.- CPS. San Vicente 
Oyola y Pamplona B° San Vicente - La Rioja Capital",Martes 14:00 a 18:00 Hs,(0380) 4424210
La Rioja,Junta  Central Evaluadora de Personas (San Vicente),Junta  Central Evaluadora de Personas - San Vicente,Oyola yPamplona B° San Vicente,Martes 14:00 a 18:00 Hs,(03822) 424210
Entre Ríos,Junta Central Evaluadora de Personas Paraná,Junta Central Evaluadora de Personas -Paraná,Gregoria Matorras de San Martín Nº 861 y Azcuenaga - Paraná,Lu a Vi: 07.00 a 13 hs,0343 - 4236473 / 4208280
Tierra del fuego,Junta Evaluadora para la Discapacidad, para la Discapacidad,Onachaga Nº 146 - Ciudad de Ushuaia,"Lunes, Mierc. Y Viernes 10 a 14hs
Atención Juntas: Martes de 8 a 16 hrs.",02901-437431
"Tierra 
del
Fuego",Junta Evaluadora para la Discapacidad, para la Discapacidad,Belgrano Nº350 - Ciudad de Río Grande,"AT. Publico: Lunes, Mierc. y Viernes 10 a 14hs.",02964-422086 Int 154
"Santa 
Cruz",Junta Central Evaluadora de Personas - Rio Gallegos,Junta Central Evaluadora de Personas - Rio Gallegos,Hospital Regional Rio Gallegos - José Ingenieros 98,,Tel. 02966-425411 int. 2364
San Luis,Junta Central Provincial San Luis,Junta Central Provincial -San Luis,Centro Provincial de Rehabilitación - Ciudad de Rosario y Pasteur,"Lunes: mentales, Martes: Sensoriales,
Jueves: Viscerales, Viernes: Motores de 8 a 10.30 hrs.",0266 4431079
Entre rios,Junta Central Evaluadora de Personas -  Viedma,Junta Central Evaluadora de Personas -  Viedma,Area Central C.P.P.D. Viedma - Laprida 226 PB.,Lunes a viernes  de 07:00 a 14:00 hs.,(02920) 42 1833
Neuquén,Junta Central Evaluadora de Personas,,"ELORDI Nº 942, Cnel Rosales",Lunes a viernes de 8 a 13 hs.,TEL:0299-4436049/4436151
La Pampa,Junta Central Evaluadora de Personas Santa Rosa,Junta Central Evaluadora de Personas-Santa Rosa,Av Roca 851,Mar y Juev 8 a 12 hs,02954 453953
Chubut,Junta Central Evaluadora de Personas - Esquel,Junta Central Evaluadora de Personas - Esquel,Sarmiento 461,Lunes a viernes de 8:00 a 14:00hs,Tel:02945-455490-456627
